ID_OURO,hash_titulo,categoria,Label_Sentimento,Indice_Sentimento,Score_Confianca
AMP0001,46d4c03f331c06ffdfc94db91ab20a8c9569b4b25cad86c6af8fb75902f08b9d,CAT7_Macro_Energia,Negative,-0.3204034268856048,0.3204034268856048
AMP0002,78d3924214e82e7a85546e7e4e19dd9e342e6bf188e79f245bc2ae95d91f57d9,CAT1_Empresa,Positive,0.2935284376144409,0.2935284376144409
AMP0003,852d601b9b4f76b441b8e929a543a9cc0da362cac2a97ce33923cd2c68a153e4,CAT7_Macro_Energia,Neutral,0.0,0.3164246380329132
AMP0004,993a42289797d321dfc500ed9658a9230dc56695af6e6402b277a163427cc011,CAT1_Empresa,Negative,-0.320694237947464,0.320694237947464
AMP0005,56d6bddf5815b02b12d54a329d4d4b31a045aeb8a4dc9fa28ba8ef332c956d92,CAT7_Macro_Energia,Neutral,0.0,0.3295178413391113
AMP0006,069197440b397d7eae08b7c44d5a1ee811b78e0bb9deaf5a744225dcf3a821f4,CAT2_Mercado_Petroleo,Neutral,0.0,0.3274411559104919
AMP0007,e3f3c7aa289d1cfe6509f145adb079fa37cd3a4f0727ef4e8ed2f6c1a8931d5f,CAT7_Macro_Energia,Positive,0.3192314505577087,0.3192314505577087
AMP0008,8e846c0b62e995f36ee08a3e4c4d7a0223a70fe40d7462223e5187b482034509,CAT1_Empresa,Neutral,0.0,0.3296528458595276
AMP0009,33005433568fa17461fc3797efbc37d1690965aa5aeac305a349632c621a9354,CAT7_Macro_Energia,Negative,-0.3300654292106628,0.3300654292106628
AMP0010,6b93f09e0a4ac8eba66e5a31b94f4bb16084dcbb83a8fd59d21f2a554cf8c97d,CAT7_Macro_Energia,Neutral,0.0,0.3341326713562011
AMP0011,a54226e5e611e941c87a1576dd2a894b95ed46c908025098558f9713dd0d37ba,CAT3_Geopolitica,Neutral,0.0,0.3071570694446563
AMP0012,c07d4c0a817b7a8e32e8596438986160b7113174934c4b35b5fd0a04c540a0b1,CAT2_Mercado_Petroleo,Positive,0.3268742859363556,0.3268742859363556
AMP0013,05283d00ee46b8b5a6e15ec69b818f8331a5ec060cc8fd3eb1bf59813c6f7f3c,CAT1_Empresa,Neutral,0.0,0.3206206560134887
AMP0014,44a60fa350f22be176bd844f53c586a464d1e8a00d49359957a8261c1939002a,CAT2_Mercado_Petroleo,Neutral,0.0,0.3243640065193176
AMP0015,f255526013ac0a2605220dc857b76b4da2b14e022c44b3bcda6f0f8649ac8b74,CAT2_Mercado_Petroleo,Neutral,0.0,0.3348574042320251
AMP0016,0895a9058524e69eb5b4cf8773b6a298974a0ab980a87e3f094ad4fda40c69e5,CAT1_Empresa,Neutral,0.0,0.3187876939773559
AMP0017,dca7695b06c206e7a551fd2277f430e9c2edc6a53ccab16cafd4e7d2fafa3041,CAT7_Macro_Energia,Negative,-0.3315007388591766,0.3315007388591766
AMP0018,8565d2e5a94f2be74f2dcf2f57317447d2aa02a5e6492fc54ee3e31d92125ec8,CAT2_Mercado_Petroleo,Positive,0.3288575708866119,0.3288575708866119
AMP0019,7667126c30a7631530dd2591a238946b679c0cf3ca87fa0fc9ae13e8371c3122,CAT1_Empresa,Negative,-0.3241559863090515,0.3241559863090515
AMP0020,6bf2568cca5eb0ba73af52057f3116350dcd972dee8fd8da075bc90122f964e4,CAT3_Geopolitica,Positive,0.3298817574977875,0.3298817574977875
AMP0021,08ca86d12e6ed25b21b3fce119f3dea8616237e7c9a457c786516d5b5f39c167,CAT3_Geopolitica,Neutral,0.0,0.3260323405265808
AMP0022,d65de9b69965bcf2f8cd7a80c0a56098660fdee90a4fca7296d62e63a2d711dd,CAT1_Empresa,Neutral,0.0,0.30958291888237
AMP0023,f5b1da10cc7a49a5248b709d6d6a84f8119822ca017c5da68e52bf3daf191b0b,CAT2_Mercado_Petroleo,Positive,0.3311928808689117,0.3311928808689117
AMP0024,6b4c6f70eac987c2d82da2ffd703fd6f6ff9e5920405c63d84ecc718375ca9b1,CAT2_Mercado_Petroleo,Negative,-0.3307101428508758,0.3307101428508758
AMP0025,88773ebc57f4d5becc72d6a9b574ba34f0459b7f85d277073266495085bf7815,CAT7_Macro_Energia,Neutral,0.0,0.2933928966522217
AMP0026,5acdfbe52f82f24e305a3bc8caf0291381abff466ebfb0bbf7ca98322b58e682,CAT3_Geopolitica,Positive,0.3320300579071045,0.3320300579071045
AMP0027,b5a284329095b87815b31a0b761845a8136486fe25f35a7f37ddc77b39dd9984,CAT3_Geopolitica,Neutral,0.0,0.332214206457138
AMP0028,ea493db08498026ad26c63a3e04c1439d32c25fe32d30fecdf1702022aa50ea3,CAT2_Mercado_Petroleo,Negative,-0.3235219717025757,0.3235219717025757
AMP0029,a202b8510583745c5e73d703b9888ff8881795cffec128c6d2d72d5e23dfcefe,CAT1_Empresa,Negative,-0.3297668397426605,0.3297668397426605
AMP0030,2430d3814302f98ca95f6d2d995077ca4fdadd8bf5c691dc5467acac654e77d6,CAT2_Mercado_Petroleo,Neutral,0.0,0.3312376141548157
AMP0031,7630b58fcaed91fc0b936ebf8b33c1ac806bca61451f2afd80ce31e5971fc852,CAT1_Empresa,Positive,0.3319291770458221,0.3319291770458221
AMP0032,7d00fab94ac9369748ed703edeeb0255dd739200b939bb68f7d8a802ff69a1fd,CAT1_Empresa,Negative,-0.3183575272560119,0.3183575272560119
AMP0033,482d903086ca43b1079aabce7c65f83c427c3e211ada064e1b95a091428ee4da,CAT2_Mercado_Petroleo,Negative,-0.3293541669845581,0.3293541669845581
AMP0034,77d3c8393d8fb80df47678c093c557beba02ecc48915a517d67dce4460f88d53,CAT3_Geopolitica,Neutral,0.0,0.3206764161586761
AMP0035,6ac7c4223be847b0b186835c6dd1037f1f3befad01f91df4c3516762e97c8541,CAT7_Macro_Energia,Negative,-0.3244102001190185,0.3244102001190185
AMP0036,d32fd8c76c171bce820f601f63cff6d8d6d3d15726280faebde70eb3468b24c9,CAT3_Geopolitica,Neutral,0.0,0.3326061367988586
AMP0037,1dbb7aae7eb5a05491ff6d177d0717ddc817768f75a4f803bb251c1e3edc037a,CAT1_Empresa,Neutral,0.0,0.3322015106678009
AMP0038,8e7c9582af9f1754018cdf56d9d7cb2885d7ec09c390374b781f41d9ee2162a9,CAT1_Empresa,Positive,0.322211891412735,0.322211891412735
AMP0039,004c6eedf47985354a19de626f9dac40353025e4cb82d7bb1114ad14028dfb09,CAT7_Macro_Energia,Negative,-0.3047946691513061,0.3047946691513061
AMP0040,cda6973061760425f333ca56ed268bc64181372429f540706901875eca6331b4,CAT2_Mercado_Petroleo,Neutral,0.0,0.3360200226306915
AMP0041,9ccff9b8aee2702640d4326f222df4e91b6cf1468858df0234108bfd2ff632e5,CAT2_Mercado_Petroleo,Positive,0.3295416831970215,0.3295416831970215
AMP0042,97b1daba866697fb60b30365e667dfbf3dc6dd352554e2da416c4cce4f6d7333,CAT2_Mercado_Petroleo,Neutral,0.0,0.3204816579818725
AMP0043,c0fc021905227f074126aee0175d6c3db03b8c3b87184fa5b9ca260f1016fa78,CAT2_Mercado_Petroleo,Neutral,0.0,0.3259810507297516
AMP0044,5cc4c977496d6ce56adc407377a66ac8c54b817e0409dc529ab15f354ab530c6,CAT2_Mercado_Petroleo,Neutral,0.0,0.3139360547065735
AMP0045,6c71a9acdd124e3901a846e84e8360beca8f2691ef3dce3dae64339c3fce92e3,CAT1_Empresa,Neutral,0.0,0.3266938626766205
AMP0046,81e56bafe14338dd65b55539e447034b48e1103485a0e931a916f626cb829b8f,CAT7_Macro_Energia,Positive,0.3298019170761108,0.3298019170761108
AMP0047,7141e205962fd50648401d65e160ad2ab8cede0e578ae315c612ab60fdc82a4e,CAT1_Empresa,Neutral,0.0,0.3375665843486786
AMP0048,d5310473992282e7aaed28b312a218c88c5b8192dee7179aa4d01933f941f629,CAT7_Macro_Energia,Negative,-0.3159874975681305,0.3159874975681305
AMP0049,c8825bdf2044672c6c988cccb467d1c086dec458992cfd40c2c90b348238c894,CAT7_Macro_Energia,Neutral,0.0,0.3125805258750915
AMP0050,395c8e8009ff6181b200a452298831dde5b58bfec3d82ecea323e98bf6039ffa,CAT7_Macro_Energia,Negative,-0.313859760761261,0.313859760761261
AMP0051,19da39a2a590a666445aab448a50cfcffa3aef5f07c923e5eb436c52b06d1199,CAT1_Empresa,Neutral,0.0,0.319009929895401
AMP0052,8d70c4114c708a8f145da857250adb25e86326743acb847bd5d7187cd8b21538,CAT7_Macro_Energia,Positive,0.317639023065567,0.317639023065567
AMP0053,f2e33f3c7dd44f6adc70c7d9343ac223617839e6d2c9f31e64e72c1ad8b02a2b,CAT3_Geopolitica,Positive,0.3215694725513458,0.3215694725513458
AMP0054,6f12a64fa170389f8fd68f21fd7ec0b7f077f376566badc423e6bd041cd0a2a2,CAT2_Mercado_Petroleo,Neutral,0.0,0.3239546120166778
AMP0055,471620448665f895a8924f7d1187b1f8fbfb41fa032a5e4db791d98ae1a84d1a,CAT7_Macro_Energia,Positive,0.3286144733428955,0.3286144733428955
AMP0056,c84756ba6f6828cd6e404d5344421e9a8e46b1a43222c4915ae0460ebd3f1452,CAT7_Macro_Energia,Neutral,0.0,0.3178411722183227
AMP0057,050bf3ab4dccdc878eec5678532e27caaa8a11b0cda61fbaae5b97bf98f389a4,CAT1_Empresa,Negative,-0.3229812383651733,0.3229812383651733
AMP0058,1c1df72bc46cbf1e574c338ace3dc1a103e26f8c621441c1aececcad01039ba9,CAT2_Mercado_Petroleo,Negative,-0.3131524324417114,0.3131524324417114
AMP0059,3944011d706fce5b51c458001c9053140d418138576cd043a85a8426f37c53df,CAT3_Geopolitica,Neutral,0.0,0.3154551386833191
AMP0060,d657c160186c3342a9c1836beed1e2475924d83284d7fc0c087b708b24017fa6,CAT1_Empresa,Negative,-0.289653867483139,0.289653867483139
AMP0061,a0b373962bc14e34a1601900cdee95b9de55247f32d4d3e6bf10cc61b41ae31c,CAT1_Empresa,Neutral,0.0,0.334025502204895
AMP0062,a824828ebea721d19ea97c5ad99014c09a4bf7e626ce1a97e8552f45b56c40f1,CAT2_Mercado_Petroleo,Positive,0.310781717300415,0.310781717300415
AMP0063,efc9e443bc76b0f212e2789a29746a974dca08b0e6f743e3e4ae613eab624f7b,CAT3_Geopolitica,Negative,-0.3288409411907196,0.3288409411907196
AMP0064,bfb9cae0707eb7b5bfb9af134ef66d65135f128744bd54657f14c962ca31b968,CAT7_Macro_Energia,Neutral,0.0,0.3261224031448364
AMP0065,920baa1cd4b262919735f50e358400a8b45d60ad7a1a428c7253baf5dbcadffb,CAT1_Empresa,Neutral,0.0,0.3310293555259704
AMP0066,e1df3c92d3101b617592a0e95501cfb40e56dd1e5f6a290ba0b7e241e117970c,CAT1_Empresa,Neutral,0.0,0.3154621720314026
AMP0067,a05b387d289c854e95df2f37db636fbc36c89333f7ca77a0f14c81c331f8c774,CAT1_Empresa,Positive,0.324780523777008,0.324780523777008
AMP0068,1485e09ceff0f78874866a9dee4edfb34939ae1172e7b2d39b90f526d5359de0,CAT7_Macro_Energia,Negative,-0.3305879235267639,0.3305879235267639
AMP0069,24fa632cebd3482348ee843678d57005ff33ae4c2a9730c2f8a3e994a301a1aa,CAT1_Empresa,Positive,0.331696480512619,0.331696480512619
AMP0070,57a94ab395aa533177085cc0c2be10998165a76f23acee13366746c76ce6cb51,CAT2_Mercado_Petroleo,Neutral,0.0,0.3246932625770569
AMP0071,5792d3e68722a601d1c258421286210198ca3a7a526725b55be35c8f52d54856,CAT2_Mercado_Petroleo,Positive,0.3175264894962311,0.3175264894962311
AMP0072,338b340c8ae943fc2f63dd556762bb696e7a5792db35f39cd04eb0421219e4ee,CAT1_Empresa,Neutral,0.0,0.3360070884227752
AMP0073,6e9531ffbd4aefca94edc793b2345c5f8fd8a267a3a212125ed3c6e59058aeef,CAT1_Empresa,Neutral,0.0,0.3035320043563843
AMP0074,4998588b7311fe52448224b7f360cc0dac78afbc22ccac001ce3127732d0e0f0,CAT1_Empresa,Neutral,0.0,0.318968117237091
AMP0075,50043635bd7de6be6f7773ffda60912b1a497706789bd4e0408af6f63824f4b8,CAT2_Mercado_Petroleo,Positive,0.3305200040340423,0.3305200040340423
AMP0076,232fe1470ed2a7885a8de7e25a1c62527a0e2cb2fe407e9a584aa8e82116d529,CAT7_Macro_Energia,Negative,-0.3275371491909027,0.3275371491909027
AMP0077,b538ab52d9cb13ef4e95b28eccc5c951434edf9fc66ae6b3e3fb79f7e0715664,CAT3_Geopolitica,Negative,-0.3237629234790802,0.3237629234790802
AMP0078,4f0892fc3a5dbd1a0fb33f0388ba06fa5ca970513f9c232d26c35720bfd5776b,CAT1_Empresa,Positive,0.3280876874923706,0.3280876874923706
AMP0079,4252a952a6335ef78685ff22f3145c8d5101073d9474635c7a57fe552fee9979,CAT2_Mercado_Petroleo,Negative,-0.3145596981048584,0.3145596981048584
AMP0080,63c21ff82b102e300233e93059287d685c8225868237ca17bbf09a163bbf287b,CAT7_Macro_Energia,Positive,0.3077280521392822,0.3077280521392822
AMP0081,b7c9ee709a1765fd91adfc29fe0d442d46b55282a1f3efadfc678ff654b7202a,CAT1_Empresa,Neutral,0.0,0.3022283911705017
AMP0082,21f3be2081c8ace432d2a82ce35e7e51fa1d2bb279b7f8781714c29a3e5cdb40,CAT1_Empresa,Neutral,0.0,0.3114232122898102
AMP0083,e3d5fc657a3726ebd18e9a148b433ef36fb938592f9979af5cea94bdbb855114,CAT2_Mercado_Petroleo,Negative,-0.3195771276950836,0.3195771276950836
AMP0084,3e08733d96edc3b2c8fb1a16bca02c4fa7df2409bdb436fb76cb8d8745d42fbe,CAT2_Mercado_Petroleo,Negative,-0.3282116055488586,0.3282116055488586
AMP0085,7643dbce7988181d30376c7bc080cd6aff697b828de5254ae853e31a625dacb4,CAT1_Empresa,Negative,-0.3309763967990875,0.3309763967990875
AMP0086,104e73a0a7b9c91258ef4c54ad693d9ead68427ebb1e45de854ee822913c21d3,CAT2_Mercado_Petroleo,Neutral,0.0,0.3225319981575012
AMP0087,6ff72127a5933a59eea9ae9414186914a0d883615fcb4d16012343604b47f6fa,CAT2_Mercado_Petroleo,Negative,-0.3278304040431976,0.3278304040431976
AMP0088,4c3dd5639c303d9e35a9f1d3c90e9ca02893f3d1df03180883018b71d0217588,CAT1_Empresa,Positive,0.3121457397937774,0.3121457397937774
AMP0089,fe20ca7d6226defba1a273f92da9b93046d348febc6bfb252a998f0ff5229850,CAT1_Empresa,Neutral,0.0,0.3316504955291748
AMP0090,399437ac21cea167e9059d2b679e526e79567c37b6cba0599c3d15d7357faab8,CAT3_Geopolitica,Neutral,0.0,0.3288421630859375
AMP0091,e5b68764a48b9560f64468da574ae3220b86ae8b842e271234cf327dc09e58e0,CAT2_Mercado_Petroleo,Negative,-0.3245159685611725,0.3245159685611725
AMP0092,2ea3cdbac440f896b045c74394a2f1bc8481b74179116edc1548fc9623e52317,CAT3_Geopolitica,Positive,0.3203828632831573,0.3203828632831573
AMP0093,f686ef0effb711a0f3257cfff8dec33c6916f1e6c1b0ae298f558fea517eaf43,CAT1_Empresa,Neutral,0.0,0.3330490291118622
AMP0094,ff7a4885b08c27f008cf1c4510dff86965fc583c9ec8f21cec57d8d6892b7a3c,CAT2_Mercado_Petroleo,Negative,-0.3228253126144409,0.3228253126144409
AMP0095,56de851cd4b69525e9bf11cbaf05c9c247031f2ca4f1c9b9baa1144ba7e53e37,CAT1_Empresa,Negative,-0.3159586489200592,0.3159586489200592
AMP0096,1f14a1e406f9870e85459005a2bbf8e4df61fd0d0f640fcc523b63c2bd951fb2,CAT7_Macro_Energia,Positive,0.3160079419612884,0.3160079419612884
AMP0097,9a5b76c46f754680be44fe57be391d4e4de26fbb739d89aaf096623238905914,CAT2_Mercado_Petroleo,Positive,0.3284944295883178,0.3284944295883178
AMP0098,097ec1940386fc58e851995c944dcbadddf1b2d55bcba398811abe8b02c6ee23,CAT1_Empresa,Positive,0.3290798366069793,0.3290798366069793
AMP0099,384a99a8d64984d27b7990f2fdddcc27edf3e564bf8ef774edc223af2728ae17,CAT1_Empresa,Negative,-0.3261168599128723,0.3261168599128723
AMP0100,5b36c26dbd54f906b96a9dff60f62acc1f19b9da5fcad0b542e0def9e5ddeb08,CAT1_Empresa,Neutral,0.0,0.3251786530017853
AMP0101,fd9294784abf6dd483368b33c63486d09acd2258ea1c75c0c82d133941704eb9,CAT1_Empresa,Negative,-0.3278151750564575,0.3278151750564575
AMP0102,968a29819788e0737d20f9713770493ae4573f3b3d138950b036fa1ea0b558f9,CAT7_Macro_Energia,Neutral,0.0,0.3319293558597564
AMP0103,7985759e5cdf6d62da0d5e8efad63b1f972495bee78bb0ea0acc163d756fa90d,CAT2_Mercado_Petroleo,Neutral,0.0,0.3098755776882171
AMP0104,c32229a3624b9cded403c90294e727c628d3b9d53fdc6999adad3237dd982d71,CAT1_Empresa,Neutral,0.0,0.3230108320713043
AMP0105,e251fb7c657c813a91b5c9f2afc94fcebcf61dd43505a276210d4dea64c4c04e,CAT1_Empresa,Negative,-0.2955156862735748,0.2955156862735748
AMP0106,5ad7c0027fc7d6a0cfbf42faa72fe534ace6743b7e32ce7244dc37136c792239,CAT1_Empresa,Neutral,0.0,0.3052820265293121
AMP0107,11fd9dc15b97e03ada3e352e1f4287727a181f129350187b478d248f302cf5e9,CAT2_Mercado_Petroleo,Neutral,0.0,0.3117485344409942
AMP0108,c062ea8d99f30f004c30c67f71066dfc2283b065449818b99e99259d34f873a5,CAT7_Macro_Energia,Neutral,0.0,0.3355906903743744
AMP0109,e058b9c73306fa894e66c9df168ad5284499ae3bf7ab57b7e6280bf96d62bb01,CAT1_Empresa,Positive,0.3256275355815887,0.3256275355815887
AMP0110,334110c0cf5206fe3e818d40e2b39463b9b9ff7e71d521ef91a28f364f6f634d,CAT1_Empresa,Positive,0.3242385685443878,0.3242385685443878
AMP0111,93b85097aaf0163593a092098e416f15ef7fabec3fd2c865f2206607d8ac6ce4,CAT2_Mercado_Petroleo,Neutral,0.0,0.3347778022289276
AMP0112,a4e458f03aa10a5713fa12b1b3200ce2c212364f1c0a483a70c7fa5384d263f1,CAT7_Macro_Energia,Positive,0.3303427398204803,0.3303427398204803
AMP0113,8b201cad728a84cf96b35d0f168c26dfc40da5ad744b5e6f59f14798ff30827d,CAT2_Mercado_Petroleo,Positive,0.308843046426773,0.308843046426773
AMP0114,2c41701bda0671e54ebcea9064d3aeb730e05c34dfc955a560b77dd481e6be96,CAT2_Mercado_Petroleo,Positive,0.3301446139812469,0.3301446139812469
AMP0115,cf845fe9c245a714ee827fe952c9ba591ca8a454b20e32d45ee0c97f958bef38,CAT1_Empresa,Positive,0.3112850189208984,0.3112850189208984
AMP0116,7a473e75638df9184567e20cfa3dcac60043d5245389b37632ac31cf60e7b0c5,CAT1_Empresa,Neutral,0.0,0.3213376402854919
AMP0117,aab7ccc07662fef67b020443ab1347e6378755b994b6e2f8171d0d08ab25f170,CAT2_Mercado_Petroleo,Neutral,0.0,0.3264371752738952
AMP0118,3a770e0d222db2dab3257db5c7139edec109902b7c9f982e41fb983a09254ab7,CAT2_Mercado_Petroleo,Positive,0.3021333515644073,0.3021333515644073
AMP0119,598b16b2475afb74360dc4898b2a970ac59039fc93ae35726a7a48ea872d78c3,CAT2_Mercado_Petroleo,Positive,0.3143373727798462,0.3143373727798462
AMP0120,dcbaa0c86a7fd1a3532aecd2672cc8ef5833d714efe102ca3d3a833f53186bcd,CAT2_Mercado_Petroleo,Positive,0.2943992912769317,0.2943992912769317
AMP0121,eca6523477ce5d7befb0f7dd744568106e26ce2baeb88493a6c643ddfe738f43,CAT1_Empresa,Negative,-0.3040203154087066,0.3040203154087066
AMP0122,c462b734eb45a64b66c62eeb1c2a50fa1463dd7f1b25e9a21f710349424b953c,CAT2_Mercado_Petroleo,Neutral,0.0,0.3319247663021087
AMP0123,b29b626317de3b4253c0c2f8547113d67c6b99bef9f4071d4cf5ad5800a1e855,CAT1_Empresa,Neutral,0.0,0.3114013373851776
AMP0124,b97112d499e9487eb8a600220d78241574444a72d93de515399338f60643986b,CAT7_Macro_Energia,Positive,0.3241279423236847,0.3241279423236847
AMP0125,8bb20a396ca5f50af0849a17f69e580f15239a0ac66496d16588fa4920c4c4cd,CAT7_Macro_Energia,Neutral,0.0,0.3129491508007049
AMP0126,8b0804fbf80a37f1f76488272c56c7e19e0c8a5a9e60a76982a0f21a5f13960e,CAT3_Geopolitica,Negative,-0.3144737482070923,0.3144737482070923
AMP0127,b0bd726ec4bb7dbc16dee1ff2d4d586988f6a13b0e35e951d27d77fac3fb39d6,CAT1_Empresa,Positive,0.3246618211269378,0.3246618211269378
AMP0128,8b07fd38c0a24f780864b9d957f095ee200e6f5ec4dc25b58e9d2a81c62890d1,CAT1_Empresa,Positive,0.3198928236961365,0.3198928236961365
AMP0129,a7581e36f86de171a61b92418da928552dffecfff043d12f11fe3b7881a469b6,CAT1_Empresa,Negative,-0.3119158446788788,0.3119158446788788
AMP0130,50005374bcf295929799719a2ed922503e335d6be47d613b7d6dbd977e34262a,CAT2_Mercado_Petroleo,Negative,-0.3272078037261963,0.3272078037261963
AMP0131,0a58c1a8a866215ae183cb66c4eafc50498fe44d80509c51440f689c9a189f80,CAT7_Macro_Energia,Positive,0.3150330483913421,0.3150330483913421
AMP0132,e42af054b93f91b6994b073cf832e4192172b11a921b5a3da4b4b580ec3f9044,CAT2_Mercado_Petroleo,Neutral,0.0,0.337064117193222
AMP0133,8398f790689c1ffbf67fdac188c655c4b408f7c87fede4a3a5a42ae911ad364d,CAT1_Empresa,Negative,-0.329020231962204,0.329020231962204
AMP0134,00a5ace036dac375c9149de4115688a25da86b9a3af5cf12539376cea701058f,CAT3_Geopolitica,Negative,-0.3146419525146484,0.3146419525146484
AMP0135,2a9068478673958b8a7e7f274b679db1a2b45f88dd076b518e1086de56ac928a,CAT6_Governanca,Neutral,0.0,0.3332312405109405
AMP0136,814bb23eeda28e12add3048b1de0f983e79aea6c963635d9770b7b7ba5922d6b,CAT3_Geopolitica,Negative,-0.3184244334697723,0.3184244334697723
AMP0137,622da4eff3d6cc11fa8b3f0d678171f2a33ff6668c3e33a3d681555951dabf7b,CAT5_Sancoes_Navegacao,Negative,-0.3239125311374664,0.3239125311374664
AMP0138,0573879ed06f452ebe293c2141fa0f00c101ba26f6a16b4723a9bb20775b0ca2,CAT2_Mercado_Petroleo,Negative,-0.3299208581447601,0.3299208581447601
AMP0139,45d63348e2082b49a83cff0c4a859027737bd2049253ff964b25372b819768d4,CAT7_Macro_Energia,Negative,-0.3226180672645569,0.3226180672645569
AMP0140,521b8fd153ab6125a7959b0883b894b149cb7508be701ebb550b4ce9150f3607,CAT1_Empresa,Positive,0.3147357702255249,0.3147357702255249
AMP0141,5b804ca176b320305ccd0e8679a10b3cb28fc0ea23b1b79e8b90cc14bd86a72a,CAT7_Macro_Energia,Neutral,0.0,0.3170660734176636
AMP0142,d39faf0a75fc4c79dcddedf0e47f7cc63e8e522aeba35491fa5bf01313ea6e56,CAT7_Macro_Energia,Neutral,0.0,0.3356948792934418
AMP0143,41380ca7f1c0f5e2ed5bad85e87aa319b82cd1f2c8984070d155cf07b7bd98f9,CAT1_Empresa,Positive,0.3087650835514068,0.3087650835514068
AMP0144,ea372e727a89519986ccff22988025ffe426b7a26ac1bc08f3084e7288ca441c,CAT2_Mercado_Petroleo,Negative,-0.302526444196701,0.302526444196701
AMP0145,8f76f8c544d1e1a35e8657d6752f396553135fb78a394b690183a18b988effb1,CAT1_Empresa,Negative,-0.3187769949436188,0.3187769949436188
AMP0146,dc929030ba294abd51d379c0f0ed8f1a08770e109b664af32d0cbba92f846607,CAT7_Macro_Energia,Positive,0.3010715544223785,0.3010715544223785
AMP0147,ac31a5fabeb42bb7a6d8ceaeebfa7243a7f79418b59c7acc09764567e0eebe1c,CAT2_Mercado_Petroleo,Neutral,0.0,0.3211402297019958
AMP0148,1ed2cd3bc9480eedd26b0fd85795404610560e26194d4eead473d3ea071adeac,CAT2_Mercado_Petroleo,Neutral,0.0,0.3320725262165069
AMP0149,4d7c2020a7ea614dd2816eb2e680ab92c19bceea65ba0f55ed149349e279742e,CAT1_Empresa,Negative,-0.3115125298500061,0.3115125298500061
AMP0150,0439e5e41a334cf40b0200bf49692b26c9acb1bd4d5e5b9022b6df176bcf3d1e,CAT2_Mercado_Petroleo,Positive,0.3272985816001892,0.3272985816001892
AMP0151,c118e9e46789a59a5bf230bb43cda2ae0055395a533f4579160ec0d74c81d4ff,CAT1_Empresa,Neutral,0.0,0.3047932088375091
AMP0152,c1c186782c58807f40f4bd937526bf111bc7dfe368da868f65a34d7156d853bf,CAT1_Empresa,Positive,0.320045918226242,0.320045918226242
AMP0153,d038477c29612f2269eedb680916728be2ac4f5891d9b955e5dfeefffe1a3b79,CAT3_Geopolitica,Negative,-0.3309926092624664,0.3309926092624664
AMP0154,169de2e0595043dbe989f2ee5938d9acf54befac39bc6c075dc15e0975a583a7,CAT1_Empresa,Negative,-0.2845205068588257,0.2845205068588257
AMP0155,137df5dbd4e45b4efb11cfb9c85346f5955c1c358197cdd5f24335b5829ce596,CAT2_Mercado_Petroleo,Neutral,0.0,0.3077545166015625
AMP0156,1d7f467af334b96bb178eabd4832f8b4e487eed97698198598b4edbca2cd47f6,CAT1_Empresa,Negative,-0.3182544410228729,0.3182544410228729
AMP0157,7414516d92855bed302f0a0e1522d1a3de715401d95cd1cf77efde2174d79ce4,CAT7_Macro_Energia,Neutral,0.0,0.3312025368213653
AMP0158,3260ba02291b72913e05693d4477e31cb9d12ca7c92cf0114a360afc65538125,CAT2_Mercado_Petroleo,Neutral,0.0,0.3265204131603241
AMP0159,ed07b9dea5e1e627963fc6dcc9ade10809aca7cf4a5dc8385820a911be09ba79,CAT2_Mercado_Petroleo,Positive,0.3163700997829437,0.3163700997829437
AMP0160,3db2b867ff0fa7f65f4079af06bedecbffbf81c8602712ecc6164b518b854f83,CAT3_Geopolitica,Positive,0.3326523005962372,0.3326523005962372
AMP0161,8ee0d8aa1885755eee1bfe161cb821a64be426990705906fccf2c704d0d1472a,CAT1_Empresa,Positive,0.3287704586982727,0.3287704586982727
AMP0162,91b55b1610c58ceede8fceec3336ae90b50d1ec78794d0b7b654f4873a656603,CAT2_Mercado_Petroleo,Negative,-0.32033571600914,0.32033571600914
AMP0163,90ffc764b9630a08a8fe233dfb7935ea9b797535762fa7ed21045cc1059034bc,CAT3_Geopolitica,Positive,0.3024505972862243,0.3024505972862243
AMP0164,85abbd590370c71348b49eade3425fd19386278097e5f32a80832ffe6c5eb569,CAT2_Mercado_Petroleo,Negative,-0.3122439384460449,0.3122439384460449
AMP0165,d5cc30bdf544bdbab36ef593c69a781645ff3d0c2211ed42082a8b69f29fd4dd,CAT1_Empresa,Positive,0.3250892758369446,0.3250892758369446
AMP0166,1ab9bd8ad95ae34da787b11e185074b4b3fd1de67eac84a11572a4ddd55275e9,CAT2_Mercado_Petroleo,Neutral,0.0,0.3285518288612366
AMP0167,014727c38715bd1718c9f97c220b6ccd98195444f4df1055d6a725f4a4052940,CAT3_Geopolitica,Positive,0.3289108872413635,0.3289108872413635
AMP0168,9acd69f898d594ae89c2fd4a17cc72a5b12facff792d1dca9b7f76c2daed6097,CAT1_Empresa,Negative,-0.3110672831535339,0.3110672831535339
AMP0169,b11ce380220cb9463f1e7d36a8aa9b0ce14e2ed48e7bc0622d01e7946c270cfa,CAT1_Empresa,Neutral,0.0,0.3374328315258026
AMP0170,8f5de3c582ea74357f9b71cbe7b1f78fd6982c216dcd24029bb0cb4a4df3a1a4,CAT1_Empresa,Negative,-0.3238871991634369,0.3238871991634369
AMP0171,a7f79c1a0a8aa5706a76e793a221540917b74af16fb067e95f26cfc5cbad929a,CAT3_Geopolitica,Neutral,0.0,0.3294299840927124
AMP0172,f274d2df581544c8b7324ce37943dbdf12f93e0b92d91bd7796d93bf92377906,CAT1_Empresa,Neutral,0.0,0.3236993551254272
AMP0173,223820bd31512b278c486a767ce754d2ff747157a809f9d535aaa5f1d890d221,CAT7_Macro_Energia,Neutral,0.0,0.3337332308292389
AMP0174,27f83f94ff98dc1bad09ab1ce80675556244380e2cf35890e371556c7509dac0,CAT7_Macro_Energia,Neutral,0.0,0.3298321366310119
AMP0175,9cd2d55c05660d2c5db5918f1ab93824fccf328dff85c1ead435e2d094c07728,CAT7_Macro_Energia,Neutral,0.0,0.336395651102066
AMP0176,823b95713471826de05fb0a8b808c00bab4d0872c92f81f41729359000d9e314,CAT7_Macro_Energia,Positive,0.3185096979141235,0.3185096979141235
AMP0177,f594ff353ad446a284b333ca791c5e3e1160da95df28483271392af47913751f,CAT2_Mercado_Petroleo,Neutral,0.0,0.3300447165966034
AMP0178,044d684de18ee472372af65fa6a538f967e12898484ddf798b541d3e84d28d6c,CAT1_Empresa,Negative,-0.3259895145893097,0.3259895145893097
AMP0179,1ba9634459beff56f1480542583221ba7220c5426766ef31221ebff55e0555c6,CAT2_Mercado_Petroleo,Neutral,0.0,0.3234148025512695
AMP0180,fe7300192be7563e7829caee6eb0cc8954727b2e557e1cf3092744914fa2879b,CAT1_Empresa,Neutral,0.0,0.3127174973487854
AMP0181,781cd8cf2aecff90a0ab007ae96730e2edd31a8b681d33a4e8b21fe8f4ffc73c,CAT1_Empresa,Neutral,0.0,0.3171402812004089
AMP0182,bd660ca62174c05d6c90761801ce80c73ec7e7c9c8b3d93e0fdf74d95343eae5,CAT7_Macro_Energia,Neutral,0.0,0.3368359804153442
AMP0183,0078d9e1409ef47911151a295433b36402c5a2f12fa9ec14ef772f6c4223c1b0,CAT2_Mercado_Petroleo,Neutral,0.0,0.3336888551712036
AMP0184,aa97d11692c7b752fa1d265434fe7af48864f9b13e8cf2bba2ddb6c6068fa5e6,CAT1_Empresa,Negative,-0.3161047995090484,0.3161047995090484
AMP0185,559704b03ddc1e3701302ecdc9e6f7778d0c577ea5910e5f4fa3231eaab8beae,CAT1_Empresa,Neutral,0.0,0.3231648504734039
AMP0186,9b44b68e4edba4cfe8e6e008317c95b396c126cba4e1e71de814e367473c55f2,CAT1_Empresa,Negative,-0.3188855648040771,0.3188855648040771
AMP0187,539333ac7e81a326093433215776392790a83d532ba3cf10437803ff017c9b0e,CAT1_Empresa,Positive,0.3183464705944061,0.3183464705944061
AMP0188,7e4a18551bc2be13352821298aa7793b6bfcf99aaccc9d07b69818ef742da823,CAT1_Empresa,Negative,-0.3227762877941131,0.3227762877941131
AMP0189,bcfa8ce3eef54444ed475f30268380024112c9a14a38b561a54392552f6aa8c2,CAT2_Mercado_Petroleo,Positive,0.3166032135486603,0.3166032135486603
AMP0190,97bfad0b453d3d84fc243ce5fdc7523c391ac728e39fc0c619174a136d8d2ff4,CAT2_Mercado_Petroleo,Negative,-0.3185026049613952,0.3185026049613952
AMP0191,2b695bdbf48b3fb8155024cd327235400e2373adb85c460e9ee14e341478cf55,CAT7_Macro_Energia,Neutral,0.0,0.3340744376182556
AMP0192,4a7c6c247dcd0ad150d481ba9e560f5268d74ed5b8f888a69fe1712698d49789,CAT1_Empresa,Neutral,0.0,0.3373433649539947
AMP0193,ef026751cfd4e5414d9751e02811b5b67513d96531271b5daa6935deadc6311e,CAT1_Empresa,Positive,0.3283770084381103,0.3283770084381103
AMP0194,613e307eae1b10d8ed1d0394dbbdcfc356d03da8209ff00b7d4c9472f1de91b0,CAT2_Mercado_Petroleo,Neutral,0.0,0.3278450071811676
AMP0195,b8f576eaca9bad5794dcb7f74ff74d8c912dc5a34ed3c3d01181a77edfe9e2b2,CAT1_Empresa,Positive,0.3214024305343628,0.3214024305343628
AMP0196,5331dff5fcca935e792b46da4922a816b14a7b1290efc60fe837f79a9acf0a21,CAT1_Empresa,Positive,0.3217804133892059,0.3217804133892059
AMP0197,2cd8ef88dcc8c8c69170a233e78455728669df78eb6033bdcb6a714eb50ac73a,CAT1_Empresa,Positive,0.3214341402053833,0.3214341402053833
AMP0198,ecc2085fc9a2df37ca5393f885614fbb1a4910178d70f1cf46f48d4366ee4259,CAT7_Macro_Energia,Positive,0.3251116275787353,0.3251116275787353
AMP0199,d80e77947abd4ce5f9d5a96a07734cbad3020fae8d1efc87c61e9835366cc07e,CAT2_Mercado_Petroleo,Positive,0.3201313316822052,0.3201313316822052
AMP0200,c8c03089e219a9e4d19485ee48ca5b96562dbd99261421c6a7ebf9cccd2bc1aa,CAT1_Empresa,Positive,0.3125827312469482,0.3125827312469482
AMP0201,6bad7ac98f902f2da6aaa87bb99b13e730bb43c419bbb4f95320896d976b60e9,CAT2_Mercado_Petroleo,Negative,-0.3161070048809051,0.3161070048809051
AMP0202,c568356f28eb0650bcae9a7fd779a4bddc1f5d3225185c1949cfb41d389f0e7c,CAT2_Mercado_Petroleo,Negative,-0.3195841312408447,0.3195841312408447
AMP0203,1b304a1fca786341b048d7597bc3c7b07d0e15ff02fdb24c6e1b7bb936066593,CAT7_Macro_Energia,Positive,0.2992484271526336,0.2992484271526336
AMP0204,9921d4a2d4a70ced952539ae06578d05eb6db4618f40aeaf0fade499e9048127,CAT1_Empresa,Negative,-0.3209795951843261,0.3209795951843261
AMP0205,9ed97650f2f7569dc57aab9ec67f5947c4a1c8c37e54a368efd5e0b05689b6f2,CAT2_Mercado_Petroleo,Positive,0.2984079718589782,0.2984079718589782
AMP0206,faec0d597fa01af74abdf7f2bf8ae0e9cdbd99de7f4fde3186114d460bc278e4,CAT2_Mercado_Petroleo,Neutral,0.0,0.3345983624458313
AMP0207,a5d7c74f9c0304c2f929c4e87f831c7012d352f7ff2f0d670443c158c0833487,CAT2_Mercado_Petroleo,Neutral,0.0,0.3175311684608459
AMP0208,b1d07bcef4387a2d1da36890c4c750daa87a8f9e560a20f968af999f8418d60c,CAT1_Empresa,Neutral,0.0,0.3081227540969848
AMP0209,fba3099dc289a05a0e5746c1e7e04253d6a64c8ae8fc36e1163cc559a7fe1ec2,CAT2_Mercado_Petroleo,Positive,0.3184390664100647,0.3184390664100647
AMP0210,deb1e1d05912c1b4c5567d5f6d8bb45311b6fb3ba2eb58d4f69ba40c8d9943e0,CAT7_Macro_Energia,Negative,-0.3173456192016601,0.3173456192016601
AMP0211,b61cd3e607ae2c19bb73604ec1f894217f09d03142127f4ee257819dbfddda4d,CAT1_Empresa,Negative,-0.3229390382766723,0.3229390382766723
AMP0212,aa26ce5c3811381986f729fa2f7ad4ff9c31aa8482bdd84102a5995a41f8dacf,CAT3_Geopolitica,Neutral,0.0,0.3321848511695862
AMP0213,4ca4f5147e8abd2a798f3aab0679bb65b6d846444db89a564e6412ace4b423dc,CAT7_Macro_Energia,Negative,-0.315655767917633,0.315655767917633
AMP0214,671037dd7b49f90b5a758e46240a2ace357c6bcdb82fb476b2e5142546caf00c,CAT2_Mercado_Petroleo,Positive,0.3187904953956604,0.3187904953956604
AMP0215,9c064e8a6331ee301c72dc9db953618908471b79de00c44f7f36bbc020c74c33,CAT2_Mercado_Petroleo,Positive,0.3118586242198944,0.3118586242198944
AMP0216,f4029e614163edf9190da7822bccfe842434ad1489086f4a3221e4d073195b47,CAT1_Empresa,Neutral,0.0,0.3327187895774841
AMP0217,67f9785b9a96367cc217b115913c52285b7f919f331ae7b7b6a6166814d99b5e,CAT1_Empresa,Positive,0.3278365135192871,0.3278365135192871
AMP0218,9940f9f5017814baf8e604dd5bf0f0f3b4e907c3ca347961ff9b4391e2d28fe9,CAT3_Geopolitica,Negative,-0.3314218521118164,0.3314218521118164
AMP0219,13423006b4b951bc24e2c2ca31ed8ec75a26043a20978ffdea329ecacde6815f,CAT1_Empresa,Positive,0.3298625648021698,0.3298625648021698
AMP0220,214932d04e4d1fa059a45d72d96fe3674f050a778aa285111809636e11e73d0e,CAT7_Macro_Energia,Positive,0.3032710254192352,0.3032710254192352
AMP0221,b8d5c567770bf81cee9062752679674c66fc84fbd18095ee7096d7fd1a85160c,CAT2_Mercado_Petroleo,Positive,0.3271305859088897,0.3271305859088897
AMP0222,9158797ae97ead3019dcb6d1fd56dc30b6709ef32cb51c9332e9e96e978d54fe,CAT2_Mercado_Petroleo,Negative,-0.3111913800239563,0.3111913800239563
AMP0223,257f5646d50f603ed5704cf5bbddad4d3fe6741d019bccbf3cf05995b8c0f580,CAT2_Mercado_Petroleo,Negative,-0.3286799192428589,0.3286799192428589
AMP0224,4e026131f565b84635d9e2adde245f0b63545e6148a25a0296cbc94e470fbd76,CAT1_Empresa,Neutral,0.0,0.3355764150619507
AMP0225,a9349309ca732a3f72c7ab7c9366ce7f1ddd77adc4d79cc248e15b0c4814a683,CAT2_Mercado_Petroleo,Negative,-0.301455944776535,0.301455944776535
AMP0226,680d3ae019f7dd3eb1c95d34613c49200b16c4510177b9edca68aebbc214d91b,CAT1_Empresa,Negative,-0.3190355598926544,0.3190355598926544
AMP0227,a89bfdd437c78a03ef8b9c6c0560f4b98224e36b28090b76266534c7b10019cc,CAT1_Empresa,Negative,-0.3187789618968963,0.3187789618968963
AMP0228,8a0eda471933b133333f703a6ed5eae08b70f68a0871facd3558c17aff529535,CAT7_Macro_Energia,Positive,0.3312018513679504,0.3312018513679504
AMP0229,97ea33cb33792031d00840802603061c112a62418df651ca5703282357749f86,CAT2_Mercado_Petroleo,Neutral,0.0,0.2957141399383545
AMP0230,e30382791a3161ca98b81d6a2494063cfc0dd56e530351c5aa037bda7238284f,CAT2_Mercado_Petroleo,Negative,-0.3197188973426819,0.3197188973426819
AMP0231,4ba01162bb70395362ac3d01fb841d76e393aa352eff5427e8ab3fb7f4dc34e2,CAT1_Empresa,Neutral,0.0,0.3322492837905884
AMP0232,130b0ecefdb404d34913053e374e3e4a0035590afe94ca8099428e304780a611,CAT7_Macro_Energia,Negative,-0.3245885372161865,0.3245885372161865
AMP0233,d13f6e5407a99e1295158c763df14f68d755555b969953dad7a662a9cd5b9796,CAT2_Mercado_Petroleo,Negative,-0.3253959715366363,0.3253959715366363
AMP0234,29beadc1b0e678e1ef3fff1d6471e94235de0194eef9b533dfc6b34d1e20ac7e,CAT1_Empresa,Neutral,0.0,0.3142622411251068
AMP0235,0c69a88a9bd96dc96fdfa1b6487ebd6b9e178817cdaf6c74fa87cb3300713f28,CAT2_Mercado_Petroleo,Neutral,0.0,0.3332807719707489
AMP0236,b5960f32c6d0477d102a21d916a8b885cbcf04b035e8a507fde20f3b714e94cd,CAT2_Mercado_Petroleo,Positive,0.3259423673152923,0.3259423673152923
AMP0237,7fe739e6d1a4e93c17ecc205b529077f91a26b5ab96646d3ef59fb7783e89951,CAT2_Mercado_Petroleo,Negative,-0.3229876160621643,0.3229876160621643
AMP0238,211b22941973cdcc8d79fa19caad82f9c119a8f659b2027258b59be07ed7cb17,CAT2_Mercado_Petroleo,Positive,0.3267500400543213,0.3267500400543213
AMP0239,471068d518c29fd535528cecae26a3c209dea0d688380e1768118d66d766352a,CAT2_Mercado_Petroleo,Positive,0.3290094137191772,0.3290094137191772
AMP0240,38435b721ff682158ba6f40fc3b65dc2c21bbf9001b15c489f9db2d0d8571c0a,CAT2_Mercado_Petroleo,Positive,0.3245013952255249,0.3245013952255249
AMP0241,758cebf48526e6e9b1e75f35dbca205f3368f9f56f059a39d9e3a8f3c64867a6,CAT2_Mercado_Petroleo,Positive,0.3290409445762634,0.3290409445762634
AMP0242,1d53ac7fe0ebd59c41a88d24042f687d5b80018e3b799509271220a6861c0737,CAT3_Geopolitica,Neutral,0.0,0.3341992497444153
AMP0243,d74329e8a9a9ac2f25ec6b3e4749d4421a9e77aeb82bcfbf8d900b7c8324b51b,CAT3_Geopolitica,Neutral,0.0,0.3249234557151794
AMP0244,8dc25fdf0ec4f477483d5a0791c2679d71b2ede821acd3b6a7deb6c117765721,CAT7_Macro_Energia,Positive,0.3177530765533447,0.3177530765533447
AMP0245,16944574fce1dc347b33eb279707528b78ea5c77bf5b58a3155f59d7955e3ff3,CAT1_Empresa,Neutral,0.0,0.3150956928730011
AMP0246,f3f7b33d5cde290b0ce2ce129f6bb4576797e1d1e6343a93e95c8be65678894c,CAT3_Geopolitica,Neutral,0.0,0.327169805765152
AMP0247,476cbbf6570cf496839df280528da0c9c30cd209bff09b0959aa5cf48dacc193,CAT1_Empresa,Positive,0.330747902393341,0.330747902393341
AMP0248,dc1ec043a1da3c059934e9b132daef9c54c375528d4dc41577039d339803a0d5,CAT1_Empresa,Neutral,0.0,0.3315518200397491
AMP0249,3c25732260fe5c0802488ee235ce75212d0fd9363ac958ff07146f866104a191,CAT2_Mercado_Petroleo,Negative,-0.3279924690723419,0.3279924690723419
AMP0250,51c93c9fc0cfc08efa85cb23b0867ce2e85a48e531a4c291b5a126ed93b8635e,CAT2_Mercado_Petroleo,Positive,0.311156690120697,0.311156690120697
AMP0251,ef35aca04b88f73134bdc9fdae5c1559c0f66f960d5deba3ef24689de09e50d0,CAT1_Empresa,Neutral,0.0,0.3349807560443878
AMP0252,7d52277164980b5e0025301f36054111d35dfd2b4adbcabe76187e595effe5be,CAT7_Macro_Energia,Negative,-0.3269178867340088,0.3269178867340088
AMP0253,bd53cd5d9b90e923e494d801108bd5a8c84ae68249624ec7aafdceba49545df8,CAT7_Macro_Energia,Negative,-0.316229909658432,0.316229909658432
AMP0254,5172ba05a08b092871481499ddec56c2a7e831b37146e441d23343a4aa6f8cc9,CAT7_Macro_Energia,Positive,0.308266133069992,0.308266133069992
AMP0255,9adfccd766d8e0a34ec4d162d0cf1434f705b1ae49cba122a710bad92ca3d49a,CAT1_Empresa,Neutral,0.0,0.3188964128494262
AMP0256,698c201a9d6a9719b3924d166139b2219966d304359559b3158078baa4a183b8,CAT2_Mercado_Petroleo,Positive,0.3278164565563202,0.3278164565563202
AMP0257,1d86cc95f1a6ef2ef45a54b8ba248f314a3a2a6272298e732a332e5b66b29e5c,CAT1_Empresa,Neutral,0.0,0.3228178918361664
AMP0258,32623dd54f8e79612095f2779881dc12a7098c147ab1a0284301486796bd3ce2,CAT1_Empresa,Neutral,0.0,0.3277552425861358
AMP0259,cd566ce8fd59c0ee53995db28d8657cae76c40c6daf7f0520f2191cd81bf57c3,CAT7_Macro_Energia,Negative,-0.3264026045799255,0.3264026045799255
AMP0260,8d631e9df7acbd15303a12d3b699b8c21bfe456b94147ee4aa74d28ce99fb546,CAT1_Empresa,Negative,-0.3174998462200165,0.3174998462200165
AMP0261,194ca16c5e25d01ba11f86e98600eba1b6a2d0f6960fe781f71e68a7d9abe5bc,CAT2_Mercado_Petroleo,Negative,-0.3051420152187347,0.3051420152187347
AMP0262,36335d94dd285ac3399975a2ecefa3dcb81bb06c33114900339bb24702119532,CAT7_Macro_Energia,Neutral,0.0,0.3084038496017456
AMP0263,5517723e8b8fdecde89c27ba099a7b316f555346bc739882c7a209dbc664292a,CAT7_Macro_Energia,Neutral,0.0,0.3167822360992431
AMP0264,675987484871a2506aa4a3204c403cd3a9e2f404b7801638073ae7dc0f3b7f0a,CAT1_Empresa,Neutral,0.0,0.3150241374969482
AMP0265,e2612e73612868558fd25ea69e0d7536ffdeefae38bba3bd7fe83c1058f3cd86,CAT2_Mercado_Petroleo,Negative,-0.3125870525836944,0.3125870525836944
AMP0266,54d82c2cc0127c3360566f9bf942c5ebb302b69650dcaefb3869841309be836e,CAT1_Empresa,Neutral,0.0,0.3361257314682007
AMP0267,9a4d0537dc4ea769ddb235bbd5aae98df9ece93b03e2bfaae620d04afc1260ea,CAT7_Macro_Energia,Positive,0.3170389533042907,0.3170389533042907
AMP0268,8ae68a3386f1523b53fc2148f56ecb5fc677df7e0467b40b7e3bf257fb5e5862,CAT2_Mercado_Petroleo,Negative,-0.3307788372039795,0.3307788372039795
AMP0269,f8e8c2d6bcf9ee363a5f3ea5df181e653e25d7ad265b385419971fedf933c0e4,CAT1_Empresa,Negative,-0.3229317963123321,0.3229317963123321
AMP0270,b9ade151c73e66c71e91fd96b1a62cccd5e895468a3b9ba7af8b4577483cc5bc,CAT2_Mercado_Petroleo,Neutral,0.0,0.3297730982303619
AMP0271,1cb8be20ac4fbf796db2c23b04cf5b1972fada458841cc9760eaf2413dd35b2b,CAT3_Geopolitica,Neutral,0.0,0.3196055293083191
AMP0272,2f7469da1a41bfebb8d3adcf783b12ad47eb4d1b4c18b424cfee0d2a16f34d76,CAT1_Empresa,Negative,-0.326244592666626,0.326244592666626
AMP0273,75c9142e646965e7b0a9a68042c4ffcea4315b508c1a38f59a93f1c5d518d322,CAT1_Empresa,Positive,0.3115596771240234,0.3115596771240234
AMP0274,535ad4c5d23760548b2f4a2228a6a2711a642dc647e93717a918b0542ae84752,CAT2_Mercado_Petroleo,Positive,0.3140624463558197,0.3140624463558197
AMP0275,0d927656dd03c6a6ad9daf1ef9e75269d315c332dc137f29afc57135a5e3af5c,CAT1_Empresa,Negative,-0.3153306841850281,0.3153306841850281
AMP0276,204307c86500ef671ba4d6fe021405903ebccf2871e49f8063b08e16bbb40db8,CAT3_Geopolitica,Neutral,0.0,0.318722128868103
AMP0277,f8653b0184f8d16c8476331603c2d840fdbd3249092a02ae4c81f3500675dde7,CAT1_Empresa,Positive,0.3149065375328064,0.3149065375328064
AMP0278,a66027f9503f7ff78ac5249c2e319c7eb82200d870e554461c966abbaf25ef57,CAT1_Empresa,Negative,-0.3198790848255157,0.3198790848255157
AMP0279,5f32cb8ce7031e19de19872ff9495361021f6b07fa791a775bb9c3e3f90dea46,CAT1_Empresa,Negative,-0.3287052810192108,0.3287052810192108
AMP0280,54b4b65390171abb38dc5f797895a628e0aeadb50e565c715480611ad8cce7e1,CAT1_Empresa,Positive,0.3198310434818268,0.3198310434818268
AMP0281,c127073f1e219a39770521387e9825846c36e9cb92b90c2d4a3e304666bd0e22,CAT7_Macro_Energia,Neutral,0.0,0.3024338185787201
AMP0282,2351079f587d6fb4cd058f36351826aec25260047b3b4d71ccc85c305691618a,CAT2_Mercado_Petroleo,Negative,-0.3288546502590179,0.3288546502590179
AMP0283,66515817ad9b27a862c04a1fb2f4741f865a3c0b96bb8c45e24b8f357a9a7cc1,CAT1_Empresa,Positive,0.3261234164237976,0.3261234164237976
AMP0284,52b3c388142210f99c644b679cae108f25c28b85d5304ce1e2b0cf9f89588d0b,CAT3_Geopolitica,Neutral,0.0,0.3309644758701324
AMP0285,6dfbd3c791249c45cc52f155732ddec02d4caab4d735417e1b081516dad77429,CAT1_Empresa,Negative,-0.3237384259700775,0.3237384259700775
AMP0286,b5969b2be5ca9ecf793a0bd2e1ec74bd128c61916d57c8930ad280a38611b98b,CAT1_Empresa,Positive,0.3219615221023559,0.3219615221023559
AMP0287,926fd2b273564d7f283a1e652cae6ba08bd8743b64c4354745fae91312ef6e5e,CAT1_Empresa,Negative,-0.3216706812381744,0.3216706812381744
AMP0288,b80056d351fcd3fddab8986b9d13daeb6cf30df564956d41006e421b34b6d5f0,CAT2_Mercado_Petroleo,Negative,-0.3127903640270233,0.3127903640270233
AMP0289,3bdaf51ba3f32581a83f610b6a0f2471d8fa46da7583d3a29d9bee11e5c14733,CAT1_Empresa,Neutral,0.0,0.3301321864128113
AMP0290,89fe6e24553ea46822a645348ded7b9a641d28942357bab0a13535037aba11b1,CAT1_Empresa,Negative,-0.3217154741287231,0.3217154741287231
AMP0291,1d298cd289ba685eda124afc827623e02e4de8e07bd6a065c802065a98ad8b99,CAT3_Geopolitica,Neutral,0.0,0.321386843919754
AMP0292,c439498447369588154e67edf6bd5ce5bebb54e138b1ce181a1583f7d5df0fe5,CAT7_Macro_Energia,Neutral,0.0,0.3191010057926178
AMP0293,13652902c9c748bf74b6aacca7af7adaf3f8c05ad989a6760fa62e969981f67e,CAT1_Empresa,Neutral,0.0,0.3160374462604522
AMP0294,27f492885753bf77f98eaf1c6459ea3116c3cea9ca3739ec7aa22ff78d67c5f6,CAT1_Empresa,Negative,-0.330394446849823,0.330394446849823
AMP0295,4ff2b7796680f75d3242304156f7a8a4227d499e5a0823b0c9fa15c96385dda7,CAT7_Macro_Energia,Negative,-0.3190544545650482,0.3190544545650482
AMP0296,a8c1bff9e806a0198f87f54c23af3e2e27e2112c83a2447dd4010ad2ce499074,CAT1_Empresa,Positive,0.3258421123027801,0.3258421123027801
AMP0297,8125ca2c3ae4f0348e3834ef110e9cb99c980d7a3a9f109f8ebd93b95d120d85,CAT7_Macro_Energia,Neutral,0.0,0.3143327236175537
AMP0298,2e2cd364b2cd75b1fa9422eff4e526ae3d6dff21273bc864999724843aac408a,CAT3_Geopolitica,Positive,0.3152996301651001,0.3152996301651001
AMP0299,ab1669a825c67ffee7fbefefc40593245ee5b1d64d1563bfacbbe457d9377c2c,CAT1_Empresa,Negative,-0.3240588307380676,0.3240588307380676
AMP0300,3bffc1d3e829151183a34a651fcdfa6d526007460b6a8d6ed417aaf5a3ff7f19,CAT1_Empresa,Negative,-0.3293528258800506,0.3293528258800506
AMP0301,7249bbb65e1d8456a52791a8c6caed46a9ba15e08764b265f7d0047eba921825,CAT2_Mercado_Petroleo,Positive,0.306115984916687,0.306115984916687
AMP0302,64d123045bd1310af9ea3afa983db26dfab50162da0d1c14b00d3158a932b064,CAT1_Empresa,Negative,-0.3107793927192688,0.3107793927192688
AMP0303,b0663ffd81b9844b30935b2f8b27dd3a4be9a77f802ff8100534520f32d4fba0,CAT5_Sancoes_Navegacao,Positive,0.3280966877937317,0.3280966877937317
AMP0304,a6b9367d7f54ca2038eb7236458f66ef27b9310d0e24edb4b94f8b22fc57e568,CAT2_Mercado_Petroleo,Neutral,0.0,0.3356543779373169
AMP0305,a76d5938837ee4a70205212a9e4a19645caab45d77053036de183e4f8b76ab8a,CAT6_Governanca,Neutral,0.0,0.3222749233245849
AMP0306,3c037a31ca18eecef7104384118f58469be6c13955573d5e69766920fde0d8ef,CAT2_Mercado_Petroleo,Neutral,0.0,0.3355731964111328
AMP0307,8eb079bed295752942a6f64a44f1761282358233fbc34f41733a2dbf34234c7f,CAT2_Mercado_Petroleo,Neutral,0.0,0.3344807922840118
AMP0308,5506c814f7a694c4626dc4042530ba9cb007c336cea7fece08abe50a1101b9f3,CAT2_Mercado_Petroleo,Neutral,0.0,0.3054131865501404
AMP0309,440a5d1719fd7799946886a0200a1b76bfd393105e9848a1e33df055e2d60ea1,CAT6_Governanca,Neutral,0.0,0.3226662576198578
AMP0310,092ed5a7708e95d80728ea4acc2bc89b1e08a49d68ac293f96b2f67644caa469,CAT7_Macro_Energia,Positive,0.3119765520095825,0.3119765520095825
AMP0311,edc4b0f6dfc23c6fd2e39e0ed4966c548107e58dd771d0d05187bcd49cba87b8,CAT7_Macro_Energia,Neutral,0.0,0.309100329875946
AMP0312,6d182aa93a395d56bee6ea057fabaf0ac3fe8317e43d64cfe212296010e94211,CAT7_Macro_Energia,Negative,-0.3029960691928863,0.3029960691928863
AMP0313,b188458c9b7a92296be6dbcfa52fb99f4caaae4007ebfc61708c4e020fcb9542,CAT1_Empresa,Neutral,0.0,0.3185427486896515
AMP0314,08319c9ef174b8a8951f366ad9bef594c55d3ab955ca94655542e8f94e9ea2c1,CAT1_Empresa,Positive,0.3277475833892822,0.3277475833892822
AMP0315,943d2bd63a28bbecb7cf3512f8587503ba80103868677e0ddd7b5d8978f6d046,CAT3_Geopolitica,Positive,0.3180239796638489,0.3180239796638489
AMP0316,eac3f2469292a283cc37dbdb094f3ab9ba54488390b988d6580cc220ff95b575,CAT1_Empresa,Negative,-0.3222622275352478,0.3222622275352478
AMP0317,25df5828cce89cba430b8f5da68a79324a5d1391cb10a953230830a57d8193d3,CAT7_Macro_Energia,Negative,-0.3316107988357544,0.3316107988357544
AMP0318,261ae957042c2ddaecdb79ac28ca71675f3429658877ef4e4a36498c37a9cb89,CAT1_Empresa,Positive,0.3240807354450226,0.3240807354450226
AMP0319,89bc88d97387caf4c99dfd63c6625aa5a632155e72879140c8f09691e7bc6386,CAT2_Mercado_Petroleo,Negative,-0.3253827691078186,0.3253827691078186
AMP0320,6dbec079cb3845f3ef2db216aa90903d360d75dff887b463d244528474976eaa,CAT1_Empresa,Negative,-0.319964736700058,0.319964736700058
AMP0321,81e216c1f225984d5569f527c1014e76a63ef8c9b6c7ff39fa1ebb6db1b4f39d,CAT1_Empresa,Negative,-0.3211288154125213,0.3211288154125213
AMP0322,59cdc6b87e47a7145aba93c20b30826b128edd73b8e15091b2939c2dd2e5bda2,CAT2_Mercado_Petroleo,Positive,0.3110962510108948,0.3110962510108948
AMP0323,8afe6a65fb6160e236fc254324348f7f5c0d0f476812c8f5180e656f678c7242,CAT2_Mercado_Petroleo,Positive,0.3276571929454803,0.3276571929454803
AMP0324,705e0a7b7271c7b528b25fba3da49b878333bb3802987beadad415de87619acf,CAT2_Mercado_Petroleo,Negative,-0.3284521102905273,0.3284521102905273
AMP0325,e1f6d33c5db96a23ea269fcc992dc5f6dc09cc1572db4d2ec0977bbea0fae0e4,CAT2_Mercado_Petroleo,Positive,0.3307956755161285,0.3307956755161285
AMP0326,8053da93e1523928925955cd63112d22dad4a1a68f024b5b94367e5821ee2b9a,CAT2_Mercado_Petroleo,Positive,0.3276959657669067,0.3276959657669067
AMP0327,c239845c6e8eae8db66f6a024d6d75b327cdab4921aa15c0bf634d88b0a088c2,CAT7_Macro_Energia,Positive,0.3136105537414551,0.3136105537414551
AMP0328,709c017d9aedb51a279340b82c9a948fb907872bf464482c87f6f9ba4bbf6021,CAT7_Macro_Energia,Negative,-0.3306242525577545,0.3306242525577545
AMP0329,bf71d0fab402231b727576340051d9aed1cb7180cf5bb7a5391623da02af8cee,CAT1_Empresa,Negative,-0.3194983899593353,0.3194983899593353
AMP0330,c878dda72fa7f3b50c1d4af43196c073c4eb503bfd57bca1f04f5e89b76bedf3,CAT2_Mercado_Petroleo,Negative,-0.3095113039016723,0.3095113039016723
AMP0331,9a5732dd8203a505a17918423295844455f406cba3592af07813e05044d5153a,CAT7_Macro_Energia,Neutral,0.0,0.318880021572113
AMP0332,ef96709896f0aee4426a2417bf7d26e830be94eb4643de505be273c61e7f2f81,CAT1_Empresa,Negative,-0.3224706649780273,0.3224706649780273
AMP0333,43f2f234dbe668ad69efae3a8ad814166fd674894eb3a1912e33c33752d81160,CAT1_Empresa,Negative,-0.3179951310157776,0.3179951310157776
AMP0334,c8738c57c8086e1ad85f109eae60e68a41878ccc511772bbd7bca435394de385,CAT7_Macro_Energia,Positive,0.314818412065506,0.314818412065506
AMP0335,79a7e0f51ef444aae34ded32740e43d5ae758fbeafc806e6c38b733986d44ffd,CAT1_Empresa,Negative,-0.3291934430599212,0.3291934430599212
AMP0336,29add1548920198a7628acd5a885b6417f03142ae28537f09a2ce1866ae72655,CAT7_Macro_Energia,Neutral,0.0,0.3313566744327545
AMP0337,7c301f618e571028036c0ba398f25c1ea2d2b179cc14cee69370d58823c26c91,CAT1_Empresa,Neutral,0.0,0.3202508687973022
AMP0338,79543dc35b46b5ff93aacfdd9a4b1863c2b8f7c9d48d992f03fc4001a6cf6d8b,CAT1_Empresa,Neutral,0.0,0.2953161299228668
AMP0339,2eaf3e63c4bef03009b599e3bafdf4547c814e3e4dce3e568ba83d5643809496,CAT1_Empresa,Neutral,0.0,0.3195131719112396
AMP0340,dfd3b92d14a6c10ce99d88f0248edbe174a9486f778917fad882f07ac2fca569,CAT7_Macro_Energia,Neutral,0.0,0.3264821469783783
AMP0341,9d51b6a520ca7ecfe77feedbfcba772c51b78b26dfbe580485f1b516cd915414,CAT2_Mercado_Petroleo,Negative,-0.3197952806949615,0.3197952806949615
AMP0342,89325f4e6f1bff54a8c34f7b900639fad129a633826c44a15d62407e2e334535,CAT2_Mercado_Petroleo,Neutral,0.0,0.3165341913700104
AMP0343,0b9212829c319206ad0da807627a182dbe5df149a2e863c3f9f106995b520fa5,CAT2_Mercado_Petroleo,Negative,-0.329848974943161,0.329848974943161
AMP0344,347a6b7851395a73a7081643f781d9db029fa5d10a9e2c2e5121faabddd0e688,CAT1_Empresa,Neutral,0.0,0.3289538621902466
AMP0345,3b16fe19ff6268a6a3dea3843e1ec65f7e0f1c8cdb5f0bc7c761d1d7dde26136,CAT2_Mercado_Petroleo,Positive,0.3215706944465637,0.3215706944465637
AMP0346,32d4df1ddd86d5c3e594130679e798375a475fd10aa145c1430184bc8077045e,CAT1_Empresa,Neutral,0.0,0.3200161457061767
AMP0347,096da4fae5124ca072b0a26e2cd5f5a5e06f1fb63ccdd851acf8ddc547e1cb1a,CAT1_Empresa,Positive,0.3239248394966125,0.3239248394966125
AMP0348,d22058e22fce1963d08460a8f26a54906b15aa4ea5daa40b127c75a55d2f3e71,CAT2_Mercado_Petroleo,Negative,-0.3298733532428741,0.3298733532428741
AMP0349,befc16a62baaaf61b7ede2c8bd12317a7a21cf7a4f66c8dda92e526ceb484732,CAT2_Mercado_Petroleo,Negative,-0.3263882398605346,0.3263882398605346
AMP0350,724bbd4c7766db8335e319cb8030bd2daf22f76cc8d59fbb8dd2073e7ce2504b,CAT1_Empresa,Neutral,0.0,0.3087622821331024
AMP0351,f89b347f9935d89e763313d2f2a943cbb78ad3f5127ac41c896fcf1b48f171fd,CAT2_Mercado_Petroleo,Positive,0.3163584470748901,0.3163584470748901
AMP0352,9196ca1b35cea72f22f41a11cc9281ee8f0b2d18ddff60a44a6919be5110ea2b,CAT7_Macro_Energia,Neutral,0.0,0.3283242881298065
AMP0353,73155626573e1f2a2ac50daf9a1010ebec41e51c38302e3d569489f0fd27a364,CAT2_Mercado_Petroleo,Negative,-0.3308356702327728,0.3308356702327728
AMP0354,226a79bb677ac1296ab31591edfc4e85928af7e6ab4f267b7284d0f3a3fe0a23,CAT2_Mercado_Petroleo,Negative,-0.3115848004817962,0.3115848004817962
AMP0355,dafee9b4c596d782c7ccfdf5946d809070a31b0599cd7243f1ed85276a6d56b7,CAT1_Empresa,Positive,0.3188367486000061,0.3188367486000061
AMP0356,f69024e9e363d77aa807776bd98936944b68fb78c4b96e09cb7cad602dbfdd36,CAT1_Empresa,Positive,0.3312950432300567,0.3312950432300567
AMP0357,a07761523f4f7c46fc9c6476d9bd922ad27d68f361cfb5a078e45788387cd2e4,CAT7_Macro_Energia,Neutral,0.0,0.3354063928127289
AMP0358,9bd4bf705e0861aa53b960af7fa614087f0190c77706b303761023a304851e09,CAT7_Macro_Energia,Positive,0.3143844306468963,0.3143844306468963
AMP0359,f75860d73e1ac60ba2dbe207c1a2e48a2091be5875e38981bc2906b3e7dd6696,CAT7_Macro_Energia,Positive,0.3298025727272033,0.3298025727272033
AMP0360,07ecad963e9b1e37bba45b905993b47d6f724219992d27549ab01796279c29b0,CAT7_Macro_Energia,Positive,0.3170539140701294,0.3170539140701294
AMP0361,a4cd2d407698a18387aa9a5f76465e0a95c871970298bbbe15461162c902c2fd,CAT2_Mercado_Petroleo,Negative,-0.3267653286457062,0.3267653286457062
AMP0362,1f8305e0a2d76c258f93eb6011beeff437aabbb8e529e7006cf418961cbeae56,CAT2_Mercado_Petroleo,Neutral,0.0,0.3204531371593475
AMP0363,a2be7f3392b54005cb60b1b9f754150cd908ad2befd2641c00b479da11853782,CAT1_Empresa,Neutral,0.0,0.3196053802967071
AMP0364,e34bae00135c2388f7b0b5865ab9bcdd1b79eb34df12105e01741052b5c02455,CAT1_Empresa,Negative,-0.3138607740402221,0.3138607740402221
AMP0365,afe9956bc5020cb8a1059e34127b2840f13a214cca59d0dd7b765c0e12ba8da1,CAT2_Mercado_Petroleo,Negative,-0.3179140388965606,0.3179140388965606
AMP0366,0467b4a1a4abf9520fc381d68f6740580fb1c0c171a7445076881f711c58e060,CAT1_Empresa,Positive,0.332042783498764,0.332042783498764
AMP0367,dae059f4042d9b3185d9ca97f25f229c458bf3d17d27fcec5153a7d220225263,CAT1_Empresa,Negative,-0.3176493942737579,0.3176493942737579
AMP0368,8295cb31b3dfa4bffa28003d9728addb8bb236809d8e6d3c5585c6f5db0e3240,CAT7_Macro_Energia,Negative,-0.3123371601104736,0.3123371601104736
AMP0369,6d70d8de18d3382908d629fea769ef578ed0d34a8b62b8c14729d9320e5f81f3,CAT7_Macro_Energia,Neutral,0.0,0.3211339116096496
AMP0370,a8b924daa06a5dddb437cc934f053cb2c8baf7c0d048f4becc7eed0983c0336e,CAT2_Mercado_Petroleo,Neutral,0.0,0.3191864192485809
AMP0371,8078edb93eb6a0c4051b5adb9952d42f8b91edea136aa3fd2dd8234535aa8308,CAT2_Mercado_Petroleo,Positive,0.3230150640010834,0.3230150640010834
AMP0372,9838e03f0e399b93e51a3fedde98b5bfe4b346bec16146af2b85919682554ff5,CAT1_Empresa,Negative,-0.3251435160636902,0.3251435160636902
AMP0373,6d50f17e7f459b1420604b9b14d870405fcfe4b046485c1572df82b9c3734655,CAT7_Macro_Energia,Negative,-0.328531950712204,0.328531950712204
AMP0374,8ae097545bf55f99934364b730e9f08b5c2d98cdb7ae66a276a965d55eccf4b4,CAT1_Empresa,Neutral,0.0,0.3121527433395386
AMP0375,fa6bac64ec3e175e4e7949a0847346409cee81a0c36709bc3b2da7f3f59480b3,CAT1_Empresa,Positive,0.3159463703632355,0.3159463703632355
AMP0376,e28fcfe72ee0615be183d5a02a47d630506bc1fb32b9a11141da00ed37172be9,CAT7_Macro_Energia,Negative,-0.3071433305740356,0.3071433305740356
AMP0377,4b9ca85f73693255c38c33244c353f087e828054f96dfbfc9408669d2e1ba3ae,CAT3_Geopolitica,Negative,-0.3312815129756927,0.3312815129756927
AMP0378,f6599a876ecfede5ec14519d62b11d6fd100624deb350288e3743eaf1746b94d,CAT1_Empresa,Negative,-0.3180738985538482,0.3180738985538482
AMP0379,7348782f52bc072a52e18cc7378dba5a7f5c2749441069466cc82f86ebd913c8,CAT1_Empresa,Positive,0.3095916211605072,0.3095916211605072
AMP0380,59b334186a65bc0bff7c0f5879b109a318242b9038d93d76b2874a51a672f5a5,CAT1_Empresa,Positive,0.3229244351387024,0.3229244351387024
AMP0381,f5d69eac12609069501e3dfd255e4c4bbfa10e0328be61ee5fc3d0d4e7c3e2a1,CAT1_Empresa,Negative,-0.3288583159446716,0.3288583159446716
AMP0382,6cd857357d55d2e22571cd565ce6ae6b1a841ffdcd872a5fb03504a8fc3dc029,CAT1_Empresa,Positive,0.3147821426391601,0.3147821426391601
AMP0383,c59f6d76acf057db88cc8c977ac28e95623eaa534c2995ebde5e134188ac6688,CAT1_Empresa,Neutral,0.0,0.3375949561595917
AMP0384,21196a1eb27a08f6ec41a3b513ba7709bf073eeabfd7ccad7d18701a3a1bd34c,CAT2_Mercado_Petroleo,Neutral,0.0,0.334766149520874
AMP0385,c89759be72d81b92554b1b92f89766874852ad7e5745fa2ebe9b06735e0a763c,CAT7_Macro_Energia,Negative,-0.2854462563991546,0.2854462563991546
AMP0386,d4252a95cb5c2b25d5a6d9696ac1e3a8cd432ac151da274a79c7bc71c36391d4,CAT2_Mercado_Petroleo,Positive,0.326353520154953,0.326353520154953
AMP0387,b5171652e51a5a76614787cc68f783ec7217141c35eabd5d5e747b050dd14556,CAT1_Empresa,Neutral,0.0,0.3305380344390869
AMP0388,c80dc789ed94281ac7bb1618b9975443413fde8283ae22a6e71bfaf0f0fc379d,CAT3_Geopolitica,Positive,0.3284159898757934,0.3284159898757934
AMP0389,3589e1dda582602598408cc5c802accb33a904f92d2e25b2aa4cf1ef03f0a156,CAT7_Macro_Energia,Neutral,0.0,0.3281182646751404
AMP0390,a62d0b2b5cba24b6346344731577d6b2ea395a63ec9f533e184ceeb99ebd2ced,CAT3_Geopolitica,Positive,0.3196448981761932,0.3196448981761932
AMP0391,6fd65689a94b950b32016f230e2bf2be7b0fe7fb2b400ada0b8723381053c62e,CAT1_Empresa,Negative,-0.3217135071754455,0.3217135071754455
AMP0392,15683c18a60c6b3012de2f228ef8194bab055d3e9d744777a2b48db7592598ae,CAT1_Empresa,Neutral,0.0,0.3336556851863861
AMP0393,c86422efd9a0399b8ff17346dae0b7e1627d7fa628bd98c4e77e15d3f112cca1,CAT2_Mercado_Petroleo,Positive,0.3326523602008819,0.3326523602008819
AMP0394,9bac8b829730a94972e09f4d776982071763af405a8df1f320aca2b4dc336459,CAT1_Empresa,Neutral,0.0,0.3119933903217315
AMP0395,4eadfc70ab984beb1441eff497cd46ec49bb12ea2801c6d60bde4c33cb9df116,CAT1_Empresa,Negative,-0.3177171945571899,0.3177171945571899
AMP0396,92c8d2dd3e52fff7a25d20b1ebb1065001e09c90016df66c0925edc6346fd07a,CAT3_Geopolitica,Neutral,0.0,0.3241914510726928
AMP0397,109506030d1819772bf9989783846b26b99135b209d84716bc664b4ff491951b,CAT1_Empresa,Neutral,0.0,0.331517219543457
AMP0398,a5c735e16d4cd3ed72d943d36625bff084af6b4adf60ced5e338551306e5d57b,CAT2_Mercado_Petroleo,Negative,-0.3306331634521484,0.3306331634521484
AMP0399,fd706ff4991256fd456d3d392c5f507341e4f4558b142f6250f17cf64fbb4bba,CAT7_Macro_Energia,Positive,0.3241279423236847,0.3241279423236847
AMP0400,28a07a5114824511de277973dbc061b5f446dcd87189ee25c6acb6f37c05c34e,CAT1_Empresa,Neutral,0.0,0.3310596942901611
